Title,Authors,Corporate Authors,Editors,Book Editors,Source Title,Publication Date,Publication Year,Volume,Issue,Part Number,Supplement,Special Issue,Beginning Page,Ending Page,Article Number,DOI,Conference Title,Conference Date,Total Citations,Average per Year
"Camera trap, line transect census and track surveys: a comparative evaluation","Silveira, L; Jacomo, ATA; Diniz, JAF",,,,BIOLOGICAL CONSERVATION,DEC 2003,2003,114,3,,,,351,355,,10.1016/S0006-3207(03)00063-6,,,237,13.94
An evaluation of camera traps for inventorying large- and medium-sized terrestrial rainforest mammals,"Tobler, M. W.; Carrillo-Percastegui, S. E.; Pitman, R. Leite; Mares, R.; Powell, G.",,,,ANIMAL CONSERVATION,JUN 2008,2008,11,3,,,,169,178,,10.1111/j.1469-1795.2008.00169.x,,,234,19.5
Community structure and diversity of tropical forest mammals: data from a global camera trap network,"Ahumada, Jorge A.; Silva, Carlos E. F.; Gajapersad, Krisna; Hallam, Chris; Hurtado, Johanna; Martin, Emanuel; McWilliam, Alex; Mugerwa, Badru; O'Brien, Tim; Rovero, Francesco; Sheil, Douglas; Spironello, Wilson R.; Winarni, Nurul; Andelman, Sandy J.",,,,PHILOSOPHICAL TRANSACTIONS OF THE ROYAL SOCIETY B-BIOLOGICAL SCIENCES,SEP 27 2011,2011,366,1578,,,SI,2703,2711,,10.1098/rstb.2011.0115,,,120,13.33
Disturbance-mediated mammal persistence and abundance-area relationships in Amazonian forest fragments,"Michalski, Fernanda; Peres, Carlos A.",,,,CONSERVATION BIOLOGY,DEC 2007,2007,21,6,,,,1626,1640,,10.1111/j.1523-1739.2007.00797.x,,,87,6.69
Comparison of the relative efficiencies of stereo-BRUVs and traps for sampling tropical continental shelf demersal fishes,"Harvey, Euan S.; Newman, Stephen J.; McLean, Dianne L.; Cappo, Mike; Meeuwig, Jessica J.; Skepper, Craig L.",,,,FISHERIES RESEARCH,AUG 2012,2012,125,,,,,108,120,,10.1016/j.fishres.2012.01.026,,,68,8.5
,,,,,,,,,,,,,,,,,,,,
Comparing methods for sampling large- and medium-sized mammals: camera traps and track plots,"Lyra-Jorge, Maria Carolina; Ciocheti, Giordano; Pivello, Vania Regina; Meirelles, Sergio Tadeu",,,,EUROPEAN JOURNAL OF WILDLIFE RESEARCH,OCT 2008,2008,54,4,,,,739,744,,10.1007/s10344-008-0205-8,,,65,5.42
Monitoring the Status and Trends of Tropical Forest Terrestrial Vertebrate Communities from Camera Trap Data: A Tool for Conservation,"Ahumada, Jorge A.; Hurtado, Johanna; Lizcano, Diego",,,,PLOS ONE,SEP 4 2013,2013,8,9,,,,,,e73707,10.1371/journal.pone.0073707,,,56,8
"Effects of Private-Land Use, Livestock Management, and Human Tolerance on Diversity, Distribution, and Abundance of Large African Mammals","Kinnaird, Margaret F.; O'Brien, Timothy G.",,,,CONSERVATION BIOLOGY,DEC 2012,2012,26,6,,,,1026,1039,,10.1111/j.1523-1739.2012.01942.x,,,54,6.75
Individual legacy trees influence vertebrate wildlife diversity in commercial forests,"Mazurek, MJ; Zielinski, WJ",,,,FOREST ECOLOGY AND MANAGEMENT,JUN 1 2004,2004,193,3,,,,321,334,,10.1016/j.foreco.2004.01.013,,,48,3
"Carnivore mammals in a fragmented landscape in northeast of Sao Paulo State, Brazil","Lyra-Jorge, Maria Carolina; Ciocheti, Giordano; Pivello, Vania Regina",,,,BIODIVERSITY AND CONSERVATION,JUN 2008,2008,17,7,,,,1573,1580,,10.1007/s10531-008-9366-8,,,44,3.67
,,,,,,,,,,,,,,,,,,,,
Estimating Species Richness and Modelling Habitat Preferences of Tropical Forest Mammals from Camera Trap Data,"Rovero, Francesco; Martin, Emanuel; Rosa, Melissa; Ahumada, Jorge A.; Spitale, Daniel",,,,PLOS ONE,JUL 23 2014,2014,9,7,,,,,,e103300,10.1371/journal.pone.0103300,,,36,6
"Island biogeography and landscape ecology of mammals inhabiting fragmented, temperate rain forests","Lomolino, MV; Perault, DR",,,,GLOBAL ECOLOGY AND BIOGEOGRAPHY,MAR 2001,2001,10,2,,,,113,132,,10.1046/j.1466-822x.2001.00221.x,,,36,1.89
,,,,,,,,,,,,,,,,,,,,
Spatiotemporal hierarchical modelling of species richness and occupancy using camera trap data,"Tobler, Mathias W.; Hartley, Alfonso Zuniga; Carrillo-Percastegui, Samia E.; Powell, George V. N.",,,,JOURNAL OF APPLIED ECOLOGY,APR 2015,2015,52,2,,,,413,421,,10.1111/1365-2664.12399,,,35,7
Random versus Game Trail-Based Camera Trap Placement Strategy for Monitoring Terrestrial Mammal Communities,"Cusack, Jeremy J.; Dickman, Amy J.; Rowcliffe, J. Marcus; Carbone, Chris; Macdonald, David W.; Coulson, Tim",,,,PLOS ONE,MAY 7 2015,2015,10,5,,,,,,e0126373,10.1371/journal.pone.0126373,,,31,6.2
Oil palm plantations fail to support mammal diversity,"Yue, Sam; Brodie, Jedediah F.; Zipkin, Elise F.; Bernard, Henry",,,,ECOLOGICAL APPLICATIONS,DEC 2015,2015,25,8,,,,2285,2292,,,,,29,5.8
,,,,,,,,,,,,,,,,,,,,
Performance of camera trapping and track counts for surveying large mammals in rainforest remnants,"Espartosa, Karina Dias; Pinotti, Bruno Trevizan; Pardini, Renata",,,,BIODIVERSITY AND CONSERVATION,NOV 2011,2011,20,12,,,,2815,2829,,10.1007/s10531-011-0110-4,,,26,2.89
Domestic dogs in Atlantic forest preserves of south-eastern Brazil: a camera-trapping study on patterns of entrance and site occupancy rates,"Srbek-Araujo, A. C.; Chiarello, A. G.",,,,BRAZILIAN JOURNAL OF BIOLOGY,NOV 2008,2008,68,4,,,,771,779,,10.1590/S1519-69842008000400011,,,25,2.08
Large Mammals in an Agroforestry Mosaic in the Brazilian Atlantic Forest,"Cassano, Camila R.; Barlow, Jos; Pardini, Renata",,,,BIOTROPICA,NOV 2012,2012,44,6,,,,818,825,,10.1111/j.1744-7429.2012.00870.x,,,24,3
Effective sociodemographic population assessment of elusive species in ecology and conservation management,"Head, Josephine S.; Boesch, Christophe; Robbins, Martha M.; Rabanal, Luisa I.; Makaga, Loic; Kuehl, Hjalmar S.",,,,ECOLOGY AND EVOLUTION,SEP 2013,2013,3,9,,,,2903,2916,,10.1002/ece3.670,,,21,3
"CAMERA-TRAPPING SURVEY OF MAMMALS IN AND AROUND IMBAK CANYON CONSERVATION AREA IN SABAH, MALAYSIAN BORNEO","Bernard, Henry; Ahmad, Abdul Hamid; Brodie, Jedediah; Giordano, Anthony J.; Lakim, Maklarin; Amat, Rahimatsah; Hue, Sharon Koh Pei; Khee, Lee Shan; Tuuga, Augustine; Malim, Peter Titol; Lim-Hasegawa, Darline; Wai, Yap Sau; Sinun, Waidi",,,,RAFFLES BULLETIN OF ZOOLOGY,AUG 30 2013,2013,61,2,,,,861,870,,,,,21,3
Using camera trapping and hierarchical occupancy modelling to evaluate the spatial ecology of an African mammal community,"Rich, Lindsey N.; Miller, David A. W.; Robinson, Hugh S.; McNutt, J. Weldon; Kelly, Marcella J.",,,,JOURNAL OF APPLIED ECOLOGY,AUG 2016,2016,53,4,,,,1225,1235,,10.1111/1365-2664.12650,,,18,4.5
Conserving biodiversity in a changing world: land use change and species richness in northern Tanzania,"Msuha, Maurus J.; Carbone, Chris; Pettorelli, Nathalie; Durant, Sarah M.",,,,BIODIVERSITY AND CONSERVATION,OCT 2012,2012,21,11,,,,2747,2759,,10.1007/s10531-012-0331-1,,,18,2.25
MAMMAL DIVERSITY AND CONSERVATION IN A SMALL ISOLATED FOREST OF SOUTHERN THAILAND,"Kitamura, S.; Thong-Aree, S.; Madsri, S.; Poonswad, P.",,,,RAFFLES BULLETIN OF ZOOLOGY,FEB 28 2010,2010,58,1,,,,145,156,,,,,18,1.8
"Terrestrial mammal species richness and composition in three small forest patches within an oil palm landscape in Sabah, Malaysian Borneo","Bernard, Henry; Baking, Esther L.; Giordano, Anthony J.; Wearn, Oliver R.; Ahmad, Abdul Hamid",,,,MAMMAL STUDY,SEP 2014,2014,39,3,,,,141,154,,10.3106/041.039.0303,,,16,2.67
Distribution of Wild Mammal Assemblages along an Urban-Rural-Forest Landscape Gradient in Warm-Temperate East Asia,"Saito, Masayuki; Koike, Fumito",,,,PLOS ONE,MAY 31 2013,2013,8,5,,,,,,e65464,10.1371/journal.pone.0065464,,,16,2.29
The impact of invasive cane toads on native wildlife in southern Australia,"Jolly, Christopher J.; Shine, Richard; Greenlees, Matthew J.",,,,ECOLOGY AND EVOLUTION,SEP 2015,2015,5,18,,,,3879,3894,,10.1002/ece3.1657,,,15,3
How long is enough to detect terrestrial animals? Estimating the minimum trapping effort on camera traps,"Si, Xingfeng; Kays, Roland; Ding, Ping",,,,PEERJ,MAY 8 2014,2014,2,,,,,,,e374,10.7717/peerj.374,,,15,2.5
Effective detection methods for medium-sized ground-dwelling mammals: a comparison between infrared digital cameras and hair tunnels,"Paull, David J.; Claridge, Andrew W.; Cunningham, Ross B.",,,,WILDLIFE RESEARCH,2012,2012,39,6,,,,546,553,,10.1071/WR12034,,,15,1.88
"Recovery of tree and mammal communities during large-scale forest regeneration in Kibale National Park, Uganda","Omeja, Patrick A.; Lawes, Michael J.; Corriveau, Amelie; Valenta, Kim; Sarkar, Dipto; Paim, Fernanda Pozzan; Chapman, Colin A.",,,,BIOTROPICA,NOV 2016,2016,48,6,,,,770,779,,10.1111/btp.12360,,,14,3.5
"Impact of land use on occupancy and abundance of terrestrial mammals in the Drakensberg Midlands, South Africa","Ramesh, Tharmalingam; Downs, Colleen T.",,,,JOURNAL FOR NATURE CONSERVATION,FEB 2015,2015,23,,,,,9,18,,10.1016/j.jnc.2014.12.001,,,14,2.8
,,,,,,,,,,,,,,,,,,,,
High mammal species turnover in forest patches immersed in biofuel plantations,"Beca, Gabrielle; Vancine, Mauricio H.; Carvalho, Carolina S.; Pedrosa, Felipe; Alves, Rafael Souza C.; Buscariol, Daiane; Peres, Carlos A.; Ribeiro, Milton Cezar; Galetti, Mauro",,,,BIOLOGICAL CONSERVATION,JUN 2017,2017,210,,A,,,352,359,,10.1016/j.biocon.2017.02.033,,,12,4
Hyper abundant mesopredators and bird extinction in an Atlantic forest island,"Galetti, Mauro; Bovendorp, Ricardo S.; Fadini, Rodrigo F.; Gussoni, Carlos O. A.; Rodrigues, Marcos; Alvarez, Ariane D.; Guimaraes, Paulo R., Jr.; Alves, Kaiser",,,,ZOOLOGIA,JUN 2009,2009,26,2,,,,288,298,,10.1590/S1984-46702009000200011,,,12,1.09
Integrating occupancy modeling and camera-trap data to estimate medium and large mammal detection and richness in a Central American biological corridor,"Cove, Michael V.; Spinola, R. Manuel; Jackson, Victoria L.; Saenz, Joel C.; Chassot, Olivier",,,,TROPICAL CONSERVATION SCIENCE,2013,2013,6,6,,,,781,795,,10.1177/194008291300600606,,,11,1.57
,,,,,,,,,,,,,,,,,,,,
Determinants of species richness within and across taxonomic groups in urban green spaces,"Matthies, Sarah A.; Rueter, Stefan; Schaarschmidt, Frank; Prasse, Ruediger",,,,URBAN ECOSYSTEMS,AUG 2017,2017,20,4,,,,897,909,,10.1007/s11252-017-0642-9,,,10,3.33
Terrestrial mammal responses to habitat structure and quality of remnant riparian forests in an Amazonian cattle-ranching landscape,"Zimbres, Barbara; Peres, Carlos A.; Machado, Ricardo Bomfim",,,,BIOLOGICAL CONSERVATION,FEB 2017,2017,206,,,,,283,292,,10.1016/j.biocon.2016.11.033,,,10,3.33
"An assessment of the terrestrial mammal communities in forests of Central Panama, using camera-trap surveys","Meyer, Ninon F. V.; Esser, Helen J.; Moreno, Ricardo; van Langevelde, Frank; Liefting, Yorick; Oller, David Ros; Vogels, Chantal B. F.; Carver, Andrew D.; Nielsen, Clayton K.; Jansen, Patrick A.",,,,JOURNAL FOR NATURE CONSERVATION,JUL 2015,2015,26,,,,,28,35,,10.1016/j.jnc.2015.04.003,,,10,2
No changes in seedling recruitment when terrestrial mammals are excluded in a partially defaunated Atlantic rainforest,"Brocardo, Carlos R.; Zipparro, Valesca B.; de Lima, Renato A. F.; Guevara, Roger; Galetti, Mauro",,,,BIOLOGICAL CONSERVATION,JUL 2013,2013,163,,,,SI,107,114,,10.1016/j.biocon.2013.04.024,,,10,1.43
Use of Atlantic Forest protected areas by free-ranging dogs: estimating abundance and persistence of use,"Paschoal, Ana Maria O.; Massara, Rodrigo L.; Bailey, Larissa L.; Kendall, William L.; Doherty, Paul F., Jr.; Hirsch, Andre; Chiarello, Adriano G.; Paglia, Adriano P.",,,,ECOSPHERE,OCT 2016,2016,7,10,,,,,,e01480,10.1002/ecs2.1480,,,9,2.25
Native habitat and protected area size matters: Preserving mammalian assemblages in the Maputaland Conservation Unit of South Africa,"Ramesh, Tharmalingam; Kalle, Riddhika; Rosenlund, Havard; Downs, Colleen T.",,,,FOREST ECOLOGY AND MANAGEMENT,JAN 15 2016,2016,360,,,,,20,29,,10.1016/j.foreco.2015.10.005,,,9,2.25
Defaunation and biomass collapse of mammals in the largest Atlantic forest remnant,"Galetti, M.; Brocardo, C. R.; Begotti, R. A.; Hortenci, L.; Rocha-Mendes, F.; Bernardo, C. S. S.; Bueno, R. S.; Nobre, R.; Bovendorp, R. S.; Marques, R. M.; Meirelles, F.; Gobbo, S. K.; Beca, G.; Schmaedecke, G.; Siqueira, T.",,,,ANIMAL CONSERVATION,JUN 2017,2017,20,3,,,,270,281,,10.1111/acv.12311,,,8,2.67
Quantifying mammal biodiversity co-benefits in certified tropical forests,"Sollmann, Rahel; Mohamed, Azlan; Niedballa, Jurgen; Bender, Johannes; Ambu, Laurentius; Lagan, Peter; Mannan, Sam; Ong, Robert C.; Langner, Andreas; Gardner, Beth; Wilting, Andreas",,,,DIVERSITY AND DISTRIBUTIONS,MAR 2017,2017,23,3,,,,317,328,,10.1111/ddi.12530,,,8,2.67
Effects of habitat and landscape characteristics on medium and large mammal species richness and composition in northern Uruguay,"Andrade-Nunez, Maria Jose; Aide, T. Mitchell",,,,ZOOLOGIA,DEC 2010,2010,27,6,,,,909,917,,10.1590/S1984-46702010000600012,,,8,0.8
Nonvolant Mammal Megadiversity and Conservation Issues in a Threatened Central Amazonian Hotspot in Brazil,"de Oliveira, Tadeu G.; Mazim, Fabio D.; Vieira, Odgley Q.; Barnett, Adrian P. A.; Silva, Gilberto do N.; Soares, Jose B. G.; Santos, Jean P.; da Silva, Victor F.; Araujo, Pedro A.; Tchaika, Ligia; Miranda, Cleuton L.",,,,TROPICAL CONSERVATION SCIENCE,OCT-DEC 2016,2016,9,4,,,,,,,10.1177/1940082916672340,,,7,1.75
"Contributions of the mammal community, habitat structure, and spatial distance to dung beetle community structure","Bogoni, Juliano Andre; Graipel, Mauricio Eduardo; de Castilho, Pedro Volkmer; Fantacini, Felipe Moreli; Kuhnen, Vanessa Villanova; Luiz, Micheli Ribeiro; Maccarini, Thiago Bernardes; Marcon, Cassio Batista; Pimentel Teixeira, Christiane de Souza; Tortato, Marcos Adriano; Vaz-de-Mello, Fernando Z.; Medina Hernandez, Malva Isabel",,,,BIODIVERSITY AND CONSERVATION,AUG 2016,2016,25,9,,,,1661,1675,,10.1007/s10531-016-1147-1,,,7,1.75
Grain-dependent responses of mammalian diversity to land use and the implications for conservation set-aside,"Wearn, Oliver R.; Carbone, Chris; Rowcliffe, J. Marcus; Bernard, Henry; Ewers, Robert M.",,,,ECOLOGICAL APPLICATIONS,JUL 2016,2016,26,5,,,,1409,1420,,10.1890/15-1363,,,7,1.75
Landscape features lead to shifts in communities of medium- to large-bodied mammals in subtropical Atlantic Forest,"Bogoni, Juliano Andre; Cherem, Jorge Jose; Hettwer Giehl, Eduardo Luis; Oliveira-Santos, Luiz Gustavo; de Castilho, Pedro Volkmer; Picinatto Filho, Vilmar; Fantacini, Felipe Moreli; Tortato, Marcos Adriano; Luiz, Micheli Ribeiro; Rizzaro, Renato; Graipel, Mauricio Eduardo",,,,JOURNAL OF MAMMALOGY,JUN 9 2016,2016,97,3,,,,713,725,,10.1093/jmammal/gyv215,,,7,1.75
Filming and snorkelling as visual techniques to survey fauna in difficult to access tropical rainforest streams,"Ebner, Brendan C.; Fulton, Christopher J.; Cousins, Stephen; Donaldson, James A.; Kennard, Mark J.; Meynecke, Jan-Olaf; Schaffer, Jason",,,,MARINE AND FRESHWATER RESEARCH,2015,2015,66,2,,,,120,126,,10.1071/MF13339,,,7,1.4
,,,,,,,,,,,,,,,,,,,,
Large-scale distribution patterns of carnivores in northern South Africa: implications for conservation and monitoring,"Thorn, Michelle; Green, Matthew; Keith, Mark; Marnewick, Kelly; Bateman, Philip W.; Cameron, Elissa Z.; Scott, Dawn M.",,,,ORYX,OCT 2011,2011,45,4,,,,579,586,,10.1017/S0030605311000123,,,7,0.78
Do coyotes Canis latrans influence occupancy of prey in suburban forest fragments?,"Jones, Brandon M.; Cove, Michael V.; Lashley, Marcus A.; Jackson, Victoria L.",,,,CURRENT ZOOLOGY,FEB 2016,2016,62,1,,,,1,6,,10.1093/cz/zov004,,,6,1.5
Patterns of co-existence between humans and mammals in Yemen: some species thrive while others are nearly extinct,"Khorozyan, Igor; Stanton, David; Mohammed, Murad; Al-Ra'il, Waleed; Pittet, Malini",,,,BIODIVERSITY AND CONSERVATION,JUL 2014,2014,23,8,,,,1995,2013,,10.1007/s10531-014-0700-z,,,6,1
"Comparison of two mammalian surveys made with camera traps in southeastern Brazil, focusing the abundance of wild mammals and domestic dogs","Carvalho, W. D.; Adania, C. H.; Esberard, C. E. L.",,,,BRAZILIAN JOURNAL OF BIOLOGY,FEB 2013,2013,73,1,,,,29,36,,10.1590/S1519-69842013000100005,,,6,0.86
The impact of habitat fragmentation on the ecology of xenarthrans (Mammalia) in the Brazilian Cerrado,"Zimbres, Barbara; Furtado, Mariana M.; Jacomo, Anah T. A.; Silveira, Leandro; Sollmann, Rahel; Torres, Natalia M.; Machado, Ricardo B.; Marinho-Filho, Jader",,,,LANDSCAPE ECOLOGY,FEB 2013,2013,28,2,,,,259,269,,10.1007/s10980-012-9832-2,,,6,0.86
"Large- and medium-sized mammal survey using camera traps in the Sikre River in the Rio Platano Biosphere Reserve, Honduras","Gonthier, David J.; Castaneda, Franklin E.",,,,TROPICAL CONSERVATION SCIENCE,2013,2013,6,4,,,,584,591,,10.1177/194008291300600409,,,6,0.86
Estimating mammalian species richness and occupancy in tropical forest canopies with arboreal camera traps,"Bowler, Mark T.; Tobler, Mathias W.; Endress, Bryan A.; Gilmore, Michael P.; Anderson, Matthew J.",,,,REMOTE SENSING IN ECOLOGY AND CONSERVATION,SEP 2017,2017,3,3,,,SI,146,157,,10.1002/rse2.35,,,5,1.67
Effects of peat swamp logging and agricultural expansion on species richness of native mammals in Peninsular Malaysia,"Adila, Nurfatin; Sasidhran, Selvadurai; Kamarudin, Norizah; Puan, Chong Leong; Azhar, Badrul; Lindenmayer, David B.",,,,BASIC AND APPLIED ECOLOGY,AUG 2017,2017,22,,,,,1,10,,10.1016/j.baae.2017.04.002,,,5,1.67
Logging and indigenous hunting impacts on persistence of large Neotropical animals,"Roopsind, Anand; Caughlin, T. Trevor; Sambhu, Hemchandranauth; Fragoso, Jose M. V.; Putz, Francis E.",,,,BIOTROPICA,JUL 2017,2017,49,4,,,,565,575,,10.1111/btp.12446,,,5,1.67
"Non-volant mammals from Nucleo Santa Virginia, Serra do Mar State Park, Sao Paulo, Brazil","Rocha-Mendes, Fabiana; Neves, Carolina Lima; Nobre, Rodrigo de Almeida; Marques, Renato Matos; Bianconi, Gledson Vigiano; Galetti, Mauro",,,,BIOTA NEOTROPICA,2015,2015,15,1,,,,,,,10.1590/1676-06032014000814,,,5,1
Flood-mediated use of habitat by large and midsized mammals in the Brazilian Pantanal,"De Lazari, Patrick Ricardo; dos Santos-Filho, Manoel; Canale, Gustavo Rodrigues; Graipel, Mauricio Eduardo",,,,BIOTA NEOTROPICA,APR-JUN 2013,2013,13,2,,,,70,75,,,,,5,0.71
"A Direct Comparison of Camera-Trapping and Sign Transects for Monitoring Wildlife in the Wanglang National Nature Reserve, China","Li, Sheng; McShea, William J.; Wang, Dajun; Huang, Junzhong; Shao, Liangkun",,,,WILDLIFE SOCIETY BULLETIN,SEP 2012,2012,36,3,,,,538,545,,10.1002/wsb.161,,,5,0.63
"A survey of mid and large bodied mammals in Nucleo Caraguatatuba, Serra do Mar State Park, Brazil","Norris, Darren; Ramirez, Jose Moreira; Zacchi, Carlos; Galetti, Mauro",,,,BIOTA NEOTROPICA,APR-JUN 2012,2012,12,2,,,,127,133,,10.1590/S1676-06032012000200013,,,5,0.63
High Carbon Stock forests provide co-benefits for tropical biodiversity,"Deere, Nicolas J.; Guillera-Arroita, Gurutzeta; Baking, Esther L.; Bernard, Henry; Pfeifer, Marion; Reynolds, Glen; Wearn, Oliver R.; Davies, Zoe G.; Struebig, Matthew J.",,,,JOURNAL OF APPLIED ECOLOGY,MAR 2018,2018,55,2,,,,997,1008,,10.1111/1365-2664.13023,,,4,2
Oil palm monoculture induces drastic erosion of an Amazonian forest mammal fauna,"Mendes-Oliveira, Ana Cristina; Peres, Carlos A.; Maues, Paula Cristina R. de A.; Oliveira, Geovana Linhares; Mineiro, Ivo G. B.; Silva de Maria, Susanne L.; Lima, Renata C. S.",,,,PLOS ONE,NOV 8 2017,2017,12,11,,,,,,e0187650,10.1371/journal.pone.0187650,,,4,1.33
Mammalian species abundance across a gradient of tropical land-use intensity: A hierarchical multi-species modelling approach,"Wearn, Oliver R.; Rowcliffe, J. Marcus; Carbone, Chris; Pfeifer, Marion; Bernard, Henry; Ewers, Robert M.",,,,BIOLOGICAL CONSERVATION,AUG 2017,2017,212,,A,,,162,171,,10.1016/j.biocon.2017.05.007,,,4,1.33
How and what matters: Sampling method affects biodiversity estimates of reef fishes,"Bosch, Nestor E.; Goncalves, Jorge M. S.; Erzini, Karim; Tuya, Fernando",,,,ECOLOGY AND EVOLUTION,JUL 2017,2017,7,13,,,,4891,4906,,10.1002/ece3.2979,,,4,1.33
Using camera trap data to assess the impact of bushmeat hunting on forest mammals in Tanzania,"Hegerl, Carla; Burgess, Neil D.; Nielsen, Martin R.; Martin, Emanuel; Ciolli, Marco; Rovero, Francesco",,,,ORYX,JAN 2017,2017,51,1,,,,87,97,,10.1017/S0030605315000836,,,4,1.33
"Predictors of mammal species richness in KwaZulu-Natal, South Africa","Ramesh, T.; Kalle, Riddhika; Downs, Colleen T.",,,,ECOLOGICAL INDICATORS,JAN 2016,2016,60,,,,,385,393,,10.1016/j.ecolind.2015.07.011,,,4,1
"Using Infra-Red Camera Trapping Technology to Monitor Mammals along Karakorum Highway in Khunjerab National Park, Pakistan","Wang, Yun; Wang, Yudi; Tao, Shuangcheng; Chen, Xueping; Kong, Yaping; Shah, Asif; Ye, Chengyin; Pang, Ming",,,,PAKISTAN JOURNAL OF ZOOLOGY,JUN 2014,2014,46,3,,,,725,731,,,,,4,0.67
Comparing the effectiveness of two types of camera trap for surveying ground-dwelling mammals,"Swan, Matthew; Di Stefano, Julian; Christie, Fiona",,,"Ballard, G; Banks, P; Claridge, A; Sanderson, J; Swann, D",CAMERA TRAPPING: WILDLIFE MANAGEMENT AND RESEARCH,2014,2014,,,,,,123,130,,,1st International Colloquium on Camera Trapping in Wildlife Management and Research,"SEP 13-14, 2012",4,0.67
Multi-species occupancy modelling of mammal and ground bird communities in rangeland in the Karoo: A case for dryland systems globally,"Drouilly, Marine; Clark, Allan; O'Riain, M. Justin",,,,BIOLOGICAL CONSERVATION,AUG 2018,2018,224,,,,,16,25,,10.1016/j.biocon.2018.05.013,,,3,1.5
Human-modified landscape acts as refuge for mammals in Atlantic Forest,"de Abreu Bovo, Alex Augusto; Magioli, Marcelo; Percequillo, Alexandre Reis; Kruszynski, Cecilia; Alberici, Vinicius; Mello, Marco A. R.; Correa, Lidiani Silva; Zecchini Gebin, Joao Carlos; Gomes Ribeiro, Yuri Geraldo; Costa, Francisco Borges; Ramos, Vanessa Nascimento; Benatti, Hector Ribeiro; Lopes, Beatriz; Martins, Masa Z. A.; Diniz-Reis, Thais Rovere; de Camargo, Plnio Barbosa; Labruna, Marcelo Bahia; Micchi de Barros Ferraz, Katia Maria Paschoaletto",,,,BIOTA NEOTROPICA,2018,2018,18,2,,,,,,e20170395,10.1590/1676-0611-BN-2017-0395,,,3,1.5
Subdivision design and stewardship affect bird and mammal use of conservation developments,"Farr, Cooper M.; Pejchar, Liba; Reed, Sarah E.",,,,ECOLOGICAL APPLICATIONS,JUN 2017,2017,27,4,,,,1236,1252,,10.1002/eap.1517,,,3,1
Assessing large mammal and bird richness from camera-trap records in the Hukaung Valley of Northern Myanmar,"Naing, Hla; Fuller, Todd K.; Sievert, Paul R.; Randhir, Timothy O.; Po, Saw Htoo Tha; Maung, Myint; Lynam, Antony J.; Htun, Saw; Thaw, Win Naing; Myint, Than",,,,RAFFLES BULLETIN OF ZOOLOGY,DEC 31 2015,2015,63,,,,,376,388,,,,,3,0.6
Modelling fine-scale habitat associations of medium-to-large forest mammals in the Udzungwa Mountains of Tanzania using camera trapping,"Martin, Emanuel H.; Cavada, Nathalie; Ndibalema, Vedasto G.; Rovero, Francesco",,,,TROPICAL ZOOLOGY,OCT 2 2015,2015,28,4,,,,137,151,,,,,3,0.6
"Mammal richness and diversity in Serra do Facao region, Southeastern Goias state, central Brazil","Gomes, Leonardo de Paula; Rocha, Clarisse Rezende; Brandao, Reuber Albuquerque; Marinho-Filho, Jader",,,,BIOTA NEOTROPICA,OCT-DEC 2015,2015,15,4,,,,,,e0033,10.1590/1676-0611-BN-2015-0033,,,3,0.6
Comparison of camera trapping and live trapping of mammals in Tasmanian coastal woodland and heathland,"Driessen, Michael M.; Jarman, Peter J.",,,"Ballard, G; Banks, P; Claridge, A; Sanderson, J; Swann, D",CAMERA TRAPPING: WILDLIFE MANAGEMENT AND RESEARCH,2014,2014,,,,,,253,262,,,1st International Colloquium on Camera Trapping in Wildlife Management and Research,"SEP 13-14, 2012",3,0.5
The effect of anthropic pressures and elevation on the large and medium-sized terrestrial mammals of the subtropical mountain forests (Yungas) of NW Argentina,"Di Bitetti, Mario S.; Albanesi, Sebastian A.; Jose Foguet, Maria; De Angelo, Carlos; Brown, Alejandro D.",,,,MAMMALIAN BIOLOGY,2013,2013,78,1,,,,21,27,,10.1016/j.mambio.2012.08.006,,,3,0.43
,"Ratnayeke, Shyamala; van Manen, Frank T.",,,,URSUS,2012,2012,23,2,,,,206,217,,10.2192/URSUS-D-11-00029.1,,,3,0.38
Variation in mammal species richness and relative abundance in the Karoo(</n>),"Woodgate, Zoe; Distiller, Greg; O'Riain, Justin",,,,AFRICAN JOURNAL OF RANGE & FORAGE SCIENCE,DEC 10 2018,2018,35,3-4,,,,325,334,,10.2989/10220119.2018.1522513,,,2,1
,"Linske, Megan A.; Williams, Scott C.; Stafford, Kirby C., III; Ortega, Isaac M.",,,,JOURNAL OF MEDICAL ENTOMOLOGY,MAY 2018,2018,55,3,,,,681,690,,10.1093/jme/tjx237,,,2,1
Do responsibly managed logging concessions adequately protect jaguars and other large and medium-sized mammals? Two case studies from Guatemala and Peru,"Tobler, Mathias W.; Anleu, Rony Garcia; Carrillo-Percastegui, Samia E.; Santizo, Gabriela Ponce; Polisar, John; Hartley, Alfonso Zuniga; Goldstein, Isaac",,,,BIOLOGICAL CONSERVATION,APR 2018,2018,220,,,,,245,253,,10.1016/j.biocon.2018.02.015,,,2,1
Forest habitats in a mixed urban-agriculture mosaic landscape: patterns of mammal occupancy,"Smith, Yvette C. Ehlers; Smith, David A. Ehlers; Ramesh, T.; Downs, Colleen T.",,,,LANDSCAPE ECOLOGY,JAN 2018,2018,33,1,,,,59,76,,10.1007/s10980-017-0580-1,,,2,1
"Habitat use, ranching, and human-wildlife conflict within a fragmented landscape in the Pantanal, Brazil","de Souza, Julio Cesar; da Silva, Rosana Moreira; Rezende Goncalves, Marcos Paulo; Delgado Jardim, Rodrigo Jose; Markwith, Scott H.",,,,BIOLOGICAL CONSERVATION,JAN 2018,2018,217,,,,,349,357,,10.1016/j.biocon.2017.11.019,,,2,1
Camera trap placement and the potential for bias due to trails and other features,"Kolowski, Joseph M.; Forrester, Tavis D.",,,,PLOS ONE,OCT 18 2017,2017,12,10,,,,,,e0186679,10.1371/journal.pone.0186679,,,2,0.67
Camera trapping surveys of forest mammal communities in the Eastern Arc Mountains reveal generalized habitat and human disturbance responses,"Rovero, Francesco; Owen, Nisha; Jones, Trevor; Canteri, Elisabetta; Iemma, Aaron; Tattoni, Clara",,,,BIODIVERSITY AND CONSERVATION,MAY 2017,2017,26,5,,,,1103,1119,,10.1007/s10531-016-1288-2,,,2,0.67
Multiple Browsers Structure Tree Recruitment in Logged Temperate Forests,"Faison, Edward K.; DeStefano, Stephen; Foster, David R.; Rapp, Joshua M.; Compton, Justin A.",,,,PLOS ONE,NOV 28 2016,2016,11,11,,,,,,e0166783,10.1371/journal.pone.0166783,,,2,0.5
"Do Bird Friendly (R) Coffee Criteria Benefit Mammals? Assessment of Mammal Diversity in Chiapas, Mexico","Caudill, S. Amanda; Rice, Robert A.",,,,PLOS ONE,NOV 23 2016,2016,11,11,,,,,,e0165662,10.1371/journal.pone.0165662,,,2,0.5
Carnivore diversity at a montane rainforest site in Ecuador's Gran Sumaco Biosphere Reserve,"Hodge, Anne-Marie C.; Arbogast, Brian S.",,,,ORYX,JUL 2016,2016,50,3,,,,474,479,,10.1017/S0030605315000101,,,2,0.5
Buffer zone use by mammals in a Cerrado protected area,"Paolino, Roberta Montanheiro; Versiani, Natalia Fraguas; Pasqualotto, Nielson; Rodrigues, Thiago Ferreira; Krepschi, Victor Gasperotto; Chiarello, Adriano Garcia",,,,BIOTA NEOTROPICA,APR-JUN 2016,2016,16,2,,,,,,e20140117,10.1590/1676-0611-BN-2014-0117,,,2,0.5
Fruit gardens enhance mammal diversity and biomass in a Southeast Asian rainforest,"Moore, Jonathan Harry; Sittimongkol, Saifon; Campos-Arceiz, Ahimsa; Sumpah, Tok; Eichhorn, Markus Peter",,,,BIOLOGICAL CONSERVATION,FEB 2016,2016,194,,,,,132,138,,10.1016/j.biocon.2015.12.015,,,2,0.5
,"Gonzalez-Moreno, Alejandra; Bordera, Santiago; Delfin-Gonzalez, Hugo",,,,JOURNAL OF INSECT CONSERVATION,DEC 2015,2015,19,6,,,,1153,1161,,10.1007/s10841-015-9830-1,,,2,0.4
,"Rydell, Jens; Russo, Danilo",,,,MAMMALIAN BIOLOGY,MAY 2015,2015,80,3,,,SI,182,184,,10.1016/j.mambio.2014.11.003,,,2,0.4
Impact of alien trees on mammal distributions along an ephemeral river in the Namib Desert,"Williams, Delyth; Pettorelli, Nathalie; Henschel, Joh; Cowlishaw, Guy; Douglas, Caitlin M. S.",,,,AFRICAN JOURNAL OF ECOLOGY,DEC 2014,2014,52,4,,,,404,413,,10.1111/aje.12134,,,2,0.33
"Estimating Species Richness and Modelling Habitat Preferences of Tropical Forest Mammals from Camera Trap Data (vol 9, e103300, 2014)","Rovero, F.; Martin, E.; Rosa, M.; Ahumada, J. A.; Spitale, D.",,,,PLOS ONE,OCT 13 2014,2014,9,10,,,,,,e110971,10.1371/journal.pone.0110971,,,2,0.33
"A camera trap assessment of the forest mammal community within the transitional savannah-forest mosaic of the Bateke Plateau National Park, Gabon","Hedwig, Daniela; Kienast, Ivonne; Bonnet, Matthieu; Curran, Bryan; Courage, Amos; Boesch, Christophe; Kuehl, Hjalmar; King, Tony",,,,AFRICAN JOURNAL OF ECOLOGY,DEC 2018,2018,56,4,,,SI,777,790,,10.1111/aje.12497,,,1,0.5
"Assessing the impacts of oil exploration and restoration on mammals in Murchison Falls Conservation Area, Uganda","Fuda, Rebecca; Ryan, Sadie; Cohen, Jonathan; Hartter, Joel; Frair, Jacqueline",,,,AFRICAN JOURNAL OF ECOLOGY,DEC 2018,2018,56,4,,,SI,804,817,,10.1111/aje.12568,,,1,0.5
Occupancy and detectability modelling of vertebrates in northern Australia using multiple sampling methods,"Einoder, Luke D.; Southwell, Darren M.; Lahoz-Monfort, Jose J.; Gillespie, Graeme R.; Fisher, Alaric; Wintle, Brendan A.",,,,PLOS ONE,SEP 24 2018,2018,13,9,,,,,,e0203304,10.1371/journal.pone.0203304,,,1,0.5
Tree monocultures in a biodiversity hotspot: Impact of pine plantations on mammal and bird assemblages in the Atlantic Forest,"Iezzi, M. E.; Cruz, P.; Varela, D.; De Angelo, C.; Di Bitetti, M. S.",,,,FOREST ECOLOGY AND MANAGEMENT,SEP 15 2018,2018,424,,,,,216,227,,10.1016/j.foreco.2018.04.049,,,1,0.5
High altitude ungulate communities in southwest China,"Buzzard, Paul J.; Li, Xueyou; Bleisch, William V.",,,,MAMMALIA,SEP 2018,2018,82,5,,,,415,422,,10.1515/mammalia-2017-0019,,,1,0.5
Tourism in protected areas: Disentangling road and traffic effects on intra-guild scavenging processes,"Antonio Donazar, Jose; Ceballos, Olga; Cortes-Avizanda, Ainara",,,,SCIENCE OF THE TOTAL ENVIRONMENT,JUL 15 2018,2018,630,,,,,600,608,,10.1016/j.scitotenv.2018.02.186,,,1,0.5
"First structured camera-trap surveys in Karen State, Myanmar, reveal high diversity of globally threatened mammals","Moo, Saw Sha Bwe; Froese, Graden Z. L.; Gray, Thomas N. E.",,,,ORYX,JUL 2018,2018,52,3,,,,537,543,,10.1017/S0030605316001113,,,1,0.5
The importance of grass cover for mammalian diversity and habitat associations in a bush encroached savanna,"Soto-Shoender, Jose R.; McCleery, Robert A.; Monadjem, Ara; Gwinn, Daniel C.",,,,BIOLOGICAL CONSERVATION,MAY 2018,2018,221,,,,,127,136,,10.1016/j.biocon.2018.02.028,,,1,0.5
Diversity of terrestrial mammal seed dispersers along a lowland Amazon forest regrowth gradient,"Arevalo-Sandi, Alexander; Bobrowiec, Paulo Estefano D.; Ulises Rodriguez Chuma, Victor Juan; Norris, Darren",,,,PLOS ONE,MAR 16 2018,2018,13,3,,,,,,e0193752,10.1371/journal.pone.0193752,,,1,0.5
Forest cover influences occurrence of mammalian carnivores within Brazilian Atlantic Forest,"Regolin, Andre Luis; Cherem, Jorge Jose; Graipel, Mauricio Eduardo; Bogoni, Juliano Andre; Ribeiro, John Wesley; Vancine, Mauricio Humberto; Tortato, Marcos Adriano; Oliveira-Santos, Luiz Gustavo; Fantacini, Felipe Moreli; Luiz, Micheli Ribeiro; de Castilho, Pedro Volkmer; Ribeiro, Milton Cezar; Caceres, Nilton Carlos",,,,JOURNAL OF MAMMALOGY,DEC 1 2017,2017,98,6,,,,1721,1731,,10.1093/jmammal/gyx103,,,1,0.33
"Artillery for Conservation: The Case of the Mammals Protected by the Formosa Military Training Area, Brazil","Silva Arimoro, Omolabake Alhambra; Reis Lacerda, Ana Cristyna; Tomas, Walfrido Moraes; Astete, Samuel; Roig, Henrique Llacer; Marinho-Filho, Jader",,,,TROPICAL CONSERVATION SCIENCE,SEP 25 2017,2017,10,,,,,1,13,,10.1177/1940082917727654,,,1,0.33
"Free-ranging livestock influence species richness, occupancy, and daily behaviour of wild mammalian species in Baluran National Park, Indonesia","Pudyatmoko, Satyawan",,,,MAMMALIAN BIOLOGY,SEP 2017,2017,86,,,,,33,41,,10.1016/j.mambio.2017.04.001,,,1,0.33
"Diversity and activity patterns of sympatric animals among four types of forest habitat in Guanyinshan Nature Reserve in the Qinling Mountains, China","Liu, Xuehua; Wu, Pengfeng; Shao, Xiaoming; Songer, Melissa; Cai, Qiong; He, Xiangbo; Zhu, Yun",,,,ENVIRONMENTAL SCIENCE AND POLLUTION RESEARCH,JUL 2017,2017,24,19,,,SI,16465,16477,,10.1007/s11356-017-9232-x,,,1,0.33
Estimating occurrence and detectability of a carnivore community in eastern Botswana using baited camera traps,"Satterfield, Lauren C.; Thompson, Jeffrey J.; Snyman, Andrei; Candelario, Luis; Rode, Brian; Carroll, John P.",,,,AFRICAN JOURNAL OF WILDLIFE RESEARCH,APR 2017,2017,47,1,,,,32,46,,10.3957/056.047.0032,,,1,0.33
Camera traps and pitfalls: an evaluation of two methods for surveying reptiles in a semiarid ecosystem,"Richardson, Emily; Nimmo, Dale G.; Avitabile, Sarah; Tworkowski, Lauren; Watson, Simon J.; Welbourne, Dustin; Leonard, Steven W. J.",,,,WILDLIFE RESEARCH,2017,2017,44,8,,,,637,647,,10.1071/WR16048,,,1,0.33
Optimizing camera-trapping protocols for characterizing mesocarnivore communities in south-western Europe,"Ferreras, P.; Diaz-Ruiz, F.; Alves, P. C.; Monterroso, P.",,,,JOURNAL OF ZOOLOGY,JAN 2017,2017,301,1,,,,23,31,,10.1111/jzo.12386,,,1,0.33
Mammal inventories in Seasonal Neotropical Forests: traditional approaches still compensate drawbacks of modern technologies,"Carvalho, William D.; Rosalino, Luis M.; Adania, Cristina H.; Esberard, Carlos E. L.",,,,IHERINGIA SERIE ZOOLOGIA,2016,2016,106,,,,,,,e2016005,10.1590/1678-4766e2016005,,,1,0.25
Response of medium- and large-sized terrestrial fauna to corridor restoration along the middle Sacramento River,"Derugin, Vasilissa V.; Silveira, Joseph G.; Golet, Gregory H.; LeBuhn, Gretchen",,,,RESTORATION ECOLOGY,JAN 2016,2016,24,1,,,,128,136,,10.1111/rec.12286,,,1,0.25
Changes in Mediterranean mesocarnivore communities along urban and ex-urban gradients,"Recio, Mariano R.; Arija, Carmen M.; Cabezas-Diaz, Sara; Virgos, Emilio",,,,Current Zoology,OCT 2015,2015,61,5,,,,793,801,,10.1093/czoolo/61.5.793,,,1,0.2
Beefing up species richness? The effect of land-use on mammal diversity in an arid biodiversity hotspot,"Mann, Gareth K. H.; Lagesse, Juliette V.; O'Riain, M. Justin; Parker, Dan M.",,,,AFRICAN JOURNAL OF WILDLIFE RESEARCH,OCT 2015,2015,45,3,,,,321,331,,10.3957/056.045.0321,,,1,0.2
USING CAMERA-TRAP TECHNOLOGY TO IMPROVE UNDERGRADUATE EDUCATION AND CITIZEN-SCIENCE CONTRIBUTIONS IN WILDLIFE RESEARCH,"Karlin, Melissa; De La Paz, Gabrielle",,,,SOUTHWESTERN NATURALIST,JUN-SEP 2015,2015,60,2-3,,,,171,179,,10.1894/SWNAT-D-14-00005.1,,,1,0.2
"Medium and large-sized mammals of the Reserva Ecologica de Guapiacu, Cachoeiras de Macacu, RJ","de Carvalho, Israel Dias; de Oliveira, Rildo; Pires, Alexandra dos Santos",,,,BIOTA NEOTROPICA,JUL-SEP 2014,2014,14,3,,,,,,,10.1590/1676-06032014007414,,,1,0.17
"Mammals recorded in isolated remnants of Atlantic Forest in southern Goias, Brazil","Calaca, Analice; Fachi, Marluci; Silva, Diego Afonso; Oliveira, Seixas Rezende; de Melo, Fabiano Rodrigues",,,,BIOTA NEOTROPICA,2019,2019,19,1,,,,,,e20180575,10.1590/1676-0611-BN-2018-0575,,,0,0
Urban forest fragmentation impoverishes native mammalian biodiversity in the tropics,"Tee, Sze Ling; Samantha, Liza D.; Kamarudin, Norizah; Akbar, Zubaid; Lechner, Alex M.; Ashton-Butt, Adham; Azhar, Badrul",,,,ECOLOGY AND EVOLUTION,DEC 2018,2018,8,24,,,,12506,12521,,10.1002/ece3.4632,,,0,0
Is there anybody out there? Occupancy of the carnivore guild in a temperate archipelago,"Allen, M. L.; Farmer, M. J.; Clare, J. D. J.; Olson, E. R.; Van Stappen, J.; Van Deelen, T. R.",,,,COMMUNITY ECOLOGY,DEC 2018,2018,19,3,,,,272,280,,10.1556/168.2018.19.3.8,,,0,0
Bird and mammal use of vernal pools along an urban development gradient,"Eakin, Carly J.; Hunter, Malcolm L.; Calhoun, Aram J. K.",,,,URBAN ECOSYSTEMS,DEC 2018,2018,21,6,,,,1029,1041,,10.1007/s11252-018-0782-6,,,0,0
"Activity patterns and resource partitioning: seven species at watering sites in the Altun Mountains, China",Xue Yadong; Li Jia; Sagen Guli; Zhang Yu; Dai Yunchuan; Li Diqiang,,,,JOURNAL OF ARID LAND,DEC 2018,2018,10,6,,,,959,967,,10.1007/s40333-018-0028-8,,,0,0
Selective logging causes the decline of large-sized mammals including those in unlogged patches surrounded by logged and agricultural areas,"Jamhuri, Jamaluddin; Samantha, Liza D.; Tee, Sze Ling; Kamarudin, Norizah; Ashton-Butt, Adham; Zubaid, Akbar; Lechner, Alex M.; Azhar, Badrul",,,,BIOLOGICAL CONSERVATION,NOV 2018,2018,227,,,,,40,47,,10.1016/j.biocon.2018.09.004,,,0,0
Identifying critical limits in oil palm cover for the conservation of terrestrial mammals in Colombia,"Pardo, Lain E.; Roque, Fabio de Oliveira; Campbell, Mason J.; Younes, Nicolas; Edwards, Will; Laurance, William F.",,,,BIOLOGICAL CONSERVATION,NOV 2018,2018,227,,,,,65,73,,10.1016/j.biocon.2018.08.026,,,0,0
Using large spatial scale camera trap data and hierarchical occupancy models to evaluate species richness and occupancy of rare and elusive wildlife communities in southwest China,"Li, Xueyou; Bleisch, William V.; Jiang, Xuelong",,,,DIVERSITY AND DISTRIBUTIONS,NOV 2018,2018,24,11,,,,1560,1572,,10.1111/ddi.12792,,,0,0
Land-use change structures carnivore communities in remaining tallgrass prairie,"Wait, Kyle R.; Ricketts, Andrew M.; Ahlers, Adam A.",,,,JOURNAL OF WILDLIFE MANAGEMENT,SEP 2018,2018,82,7,,,,1491,1502,,10.1002/jwmg.21492,,,0,0
Ecological correlates of mammal beta-diversity in Amazonian land-bridge islands: from small- to large-bodied species,"Palmeirim, Ana Filipa; Benchimol, Maira; Morante-Filho, Jose Carlos; Vieira, Marcus Vinicius; Peres, Carlos A.",,,,DIVERSITY AND DISTRIBUTIONS,AUG 2018,2018,24,8,,,,1109,1120,,10.1111/ddi.12749,,,0,0
"Large mammal richness in Llanganates National Park, Ecuador","Palacios, Jaime; Naveda-Rodriguez, Adrian; Zapata-Rios, Galo",,,,MAMMALIA,JUL 2018,2018,82,4,,,,309,314,,10.1515/mammalia-2017-0071,,,0,0
Estimating the response of wildlife communities to coastal dune construction,"Martin, Scott A.; Rautsaw, Rhett M.; Bolt, M. Rebecca; Parkinson, Christopher L.; Seigel, Richard A.",,,,OCEAN & COASTAL MANAGEMENT,JUL 1 2018,2018,161,,,,,31,36,,10.1016/j.ocecoaman.2018.04.021,,,0,0
Seasonal dynamics of terrestrial vertebrate abundance between Amazonian flooded and unflooded forests,"Costa, Hugo C. M.; Peres, Carlos A.; Abrahams, Mark I.",,,,PEERJ,JUN 27 2018,2018,6,,,,,,,e5058,10.7717/peerj.5058,,,0,0
Camera trap and questionnaire dataset on ecosystem services provided by small carnivores in agro-ecosystems in South Africa,"Williams, Samual T.; Maree, Naudene; Taylor, Peter; Belmain, Steven R.; Keith, Mark; Swanepoel, Lourens H.",,,,DATA IN BRIEF,JUN 2018,2018,18,,,,,753,759,,10.1016/j.dib.2013.03.071,,,0,0
The ecological footprint of Acca sellowiana domestication maintains the residual vertebrate diversity in threatened highlands of Atlantic Forest,"Bogoni, Juliano Andre; Graipel, Mauricio Eduardo; Peroni, Nivaldo",,,,PLOS ONE,APR 4 2018,2018,13,4,,,,,,e0195199,10.1371/journal.pone.0195199,,,0,0
Biodiversity conservation in the Madrean sky islands: community homogeneity of medium and large mammals in northwestern Mexico,"Coronel-Arellano, Heli; Lara-Diaz, Nalleli E.; Moreno, Claudia E.; Gutierrez-Gonzalez, Carmina E.; Lopez-Gonzalez, Carlos A.",,,,JOURNAL OF MAMMALOGY,APR 3 2018,2018,99,2,,,,465,477,,10.1093/jmammal/gyx151,,,0,0
Supplementing non-target taxa: bird feeding alters the local distribution of mammals,"Reed, J. Hunter; Bonter, David N.",,,,ECOLOGICAL APPLICATIONS,APR 2018,2018,28,3,,,,761,770,,10.1002/eap.1683,,,0,0
"Abundance and composition of the medium to large-sized mammals in a private area of a REDD plus project in Acre, Brazil","Botelho, Andre Luis Moura; Borges, Luiz Henrique Medeiros; McFarland, Brian",,,,BIOTA NEOTROPICA,2018,2018,18,3,,,,,,e20170487,10.1590/1676-0611-BN-2017-0487,,,0,0
"DISTRIBUTION, RELATIVE ABUNDANCE AND OCCUPANCY OF SELECTED MAMMALS ALONG PAVED ROAD IN KUBAH NATIONAL PARK, SARAWAK, BORNEO","Mohd-Azlan, Jayasilan; Kaicheen, Sally S.; Yoong, Woo C.",,,,NATURE CONSERVATION RESEARCH,2018,2018,3,2,,,,36,46,,10.24189/ncr.2018.028,,,0,0
"Composition of species of medium and large sized mammals in Eucalyptus plantations and native forests fragments, in the southeast of Minas Gerais state, Brazil","da Silva Zanzini, Antonio Carlos; Naves Silva, Alvaro Augusto; Pereira, Carina Zanco; Vieira Santiago, Wagner Tadeu; da Costa Zanon, Marcos Henrique",,,,SCIENTIA FORESTALIS,DEC 2017,2017,45,116,,,,673,683,,10.18671/scifor.v45n116.08,,,0,0
,"White, K. Nicole; Tuberville, Tracey D.",,,,WILSON JOURNAL OF ORNITHOLOGY,DEC 2017,2017,129,4,,,,792,803,,,,,0,0
Absence of Large and Presence of Medium-Sized Mammal Species of Conservation Concern in a Privately Protected Area of Rain Forest in Southeastern Mexico,"Ortiz-Lozada, Liliana; Pelayo-Martinez, Jaime; Mota-Vargas, Claudio; Paulina Demeneghi-Calatayud, Ana; Sosa, Vinicio J.",,,,TROPICAL CONSERVATION SCIENCE,NOV 15 2017,2017,10,,,,,1,13,,10.1177/1940082917738093,,,0,0
Scavenging along an ecological interface: utilization of amphibian and reptile carcasses around isolated wetlands,"Abernethy, Erin F.; Turner, Kelsey L.; Beasley, James C.; Rhodes, Olin E., Jr.",,,,ECOSPHERE,NOV 2017,2017,8,11,,,,,,e01989,10.1002/ecs2.1989,,,0,0
Terrestrial mammal assemblages in protected and human impacted areas in Northern Brazilian Amazonia,"de Luna, Rodolfo Burgos; Alfonso Reyes, Andres Felipe; Rodrigues de Lucena, Leandro Ricardo; Mendes Pontes, Antonio Rossano",,,,NATURE CONSERVATION-BULGARIA,OCT 17 2017,2017,,22,,,,147,167,,10.3897/natureconservation.22.17370,,,0,0
Diversity of terrestrial mammals in a private conservation area in Mexico,"Jasmin Cruz-Bazan, Erika; Manuel Pech-Canche, Juan; Adrian Cime-Poo, Jose",,,,ECOSISTEMAS Y RECURSOS AGROPECUARIOS,JAN-APR 2017,2017,4,10,,,,123,133,,10.19136/era.a4n10.956,,,0,0
The efficacy of monitoring techniques for detecting small mammals and reptiles in arid environments,"Molyneux, J.; Pavey, C. R.; James, A. I.; Carthew, S. M.",,,,WILDLIFE RESEARCH,2017,2017,44,6-7,,,,534,545,,10.1071/WR17017,,,0,0
The application of camera trapping to assess Rallidae species richness within palustrine wetland habitat in South Africa,"Colyn, Robin B.; Campbell, Alastair M.; Smit-Robinson, Hanneline A.",,,,OSTRICH,2017,2017,88,3,,,,235,245,,10.2989/00306525.2017.1292562,,,0,0
"Richness of plants, birds and mammals under the canopy of Ramorinoa girolae, an endemic and vulnerable desert tree species","Campos, Valeria E.; Fernandez Maldonado, Viviana; Balmaceda, Patricia; Giannoni, Stella",,,,BOSQUE,2017,2017,38,2,,,,307,316,,10.4067/S0717-92002017000200008,,,0,0
"Biodiversity Inventory and Conservation Opportunity of Suwi Wetlands, Muara Ancalong, East Kalimantan, Indonesia","Wahyudi, Deni; Kusneti, Monica; Suimah",,,"Nugroho, RA; Natalisanto, AI; Tarigan, D; Dharma, B; Astuti, IF; Wahyuningsih, S","1ST INTERNATIONAL CONFERENCE ON MATHEMATICS, SCIENCE AND COMPUTER SCIENCE (ICMSC) 2016: SUSTAINABILITY AND ECO GREEN INNOVATION IN TROPICAL STUDIES FOR GLOBAL FUTURE",2017,2017,1813,,,,,,,UNSP 020013-1,10.1063/1.4975951,"1st International Conference on Mathematics, Science and Computer Science (ICMSC)","OCT 19-21, 2016",0,0
"Influence of vegetation physiognomy, elevation and fire frequency on medium and large mammals in two protected areas of the Espinhaco Range","de Pinho, Fernando Ferreira; Ferreira, Guilherme Braga; Paglia, Adriano Pereira",,,,ZOOLOGIA,2017,2017,34,,,,,,,e11921,10.3897/zoologia.34.e11921,,,0,0
Camera traps at northern river otter latrines enhance carnivore detectability along riparian areas in eastern North America,"Wagnon, Casey J.; Serfass, Thomas L.",,,,GLOBAL ECOLOGY AND CONSERVATION,OCT 2016,2016,8,,,,,138,143,,10.1016/j.gecco.2016.08.010,,,0,0
A Comparison of Survey Techniques for Medium- to Large-sized Mammals in Forested Wetlands,"Rockhill, Aimee P.; Sollman, Rahel; Powell, Roger A.; DePerno, Christopher S.",,,,SOUTHEASTERN NATURALIST,MAR 2016,2016,15,1,,,,175,187,,10.1656/058.015.0112,,,0,0
Activity patterns and habitat use of mammals in an Andean forest and a Eucalyptus reforestation in Colombia,"Ramirez-Mejia, Andres F.; Sanchez, Francisco",,,,HYSTRIX-ITALIAN JOURNAL OF MAMMALOGY,2016,2016,27,2,,,,,,,10.4404/hystrix-27.2-11319,,,0,0
Effects of hunting and fragmentation on terrestrial mammals in the Chiquitano forests of Bolivia,"Kosydar, Andrew J.; Rumiz, Damian I.; Conquest, Loveday L.; Tewksbury, Joshua J.",,,,TROPICAL CONSERVATION SCIENCE,2014,2014,7,2,,,,298,317,,,,,0,0
Restored Wetlands Can Support Mammalian Assemblages Comparable to Those in Nonmitigated Reference Wetlands,"Kurz, David J.; McGinty, Nicholas A.; Stankavich, Sarah A.; Nowakowski, A. Justin; Smith, Gregory A.",,,,AMERICAN MIDLAND NATURALIST,OCT 2013,2013,170,2,,,,260,273,,10.1674/0003-0031-170.2.260,,,0,0
"NON-VOLANT MAMMAL ASSEMBLAGE OF SERRA DO JAPI BIOLOGICAL RESERVE, JUNDIAI, SAO PAULO, SOUTHEASTERN BRAZIL","de Carvalho, William Douglas; de Macedo Godoy, Maira Sant' Ana; Adania, Cristina Harumi; Lustosa Esberard, Carlos Eduardo",,,,BIOSCIENCE JOURNAL,SEP-OCT 2013,2013,29,5,,,,1370,1387,,,,,0,0
An Assessment of Herpetofaunal and Non-Volant Mammal Communities at Sites in the Piedmont of North Carolina,"Kapfer, Joshua M.; Munoz, David J.",,,,SOUTHEASTERN NATURALIST,APR 2012,2012,11,1,,,,65,88,,10.1656/058.011.0107,,,0,0
Field calibration of blowfly-derived DNA against traditional methods for assessing mammal diversity in tropical forests,"Lee, Ping-Shin; Gan, Han Ming; Clements, Gopalasamy Reuben; Wilson, John-James",,,,GENOME,NOV 2016,2016,59,11,2,,,1008,1022,,10.1139/gen-2015-0193,,,7,1.75
Bathymetric distribution of some benthic and benthopelagic species attracted to baited cameras and traps in the deep eastern Mediterranean,"Jones, EG; Tselepides, A; Bagley, PM; Collins, MA; Priede, IG",,,,MARINE ECOLOGY PROGRESS SERIES,2003,2003,251,,,,,75,86,,10.3354/meps251075,,,68,4
The diversity and activity patterns of wild felids in a secondary forest in Peninsular Malaysia,"Azlan, JM; Sharma, DSK",,,,ORYX,JAN 2006,2006,40,1,,,,36,41,,10.1017/S0030605306000147,,,55,3.93
"Wild felid diversity and activity patterns in Sabangau peat-swamp forest, Indonesian Borneo","Cheyne, Susan M.; Macdonald, David W.",,,,ORYX,JAN 2011,2011,45,1,,,,119,124,,10.1017/S003060531000133X,,,33,3.67
"The importance of secondary forest blocks for terrestrial mammals within an Acacia/secondary forest matrix in Sarawak, Malaysia","McShea, William J.; Stewart, Chad; Peterson, Liesl; Erb, Peter; Stuebing, Robert; Giman, Belden",,,,BIOLOGICAL CONSERVATION,DEC 2009,2009,142,12,,,,3108,3119,,10.1016/j.biocon.2009.08.009,,,33,3
Assessing the Status of Wild Felids in a Highly-Disturbed Commercial Forest Reserve in Borneo and the Implications for Camera Trap Survey Design,"Wearn, Oliver R.; Rowcliffe, J. Marcus; Carbone, Chris; Bernard, Henry; Ewers, Robert M.",,,,PLOS ONE,NOV 4 2013,2013,8,11,,,,,,e77598,10.1371/journal.pone.0077598,,,32,4.57
Utilisation of invertebrates discarded from the Nephrops fishery by variously selective benthic scavengers in the west of Scotland,"Bergmann, M; Wieczorek, SK; Moore, PG; Atkinson, RJA",,,,MARINE ECOLOGY PROGRESS SERIES,2002,2002,233,,,,,185,198,,10.3354/meps233185,,,30,1.67
Arboreal camera trapping: taking a proven method to new heights,"Gregory, Tremaine; Rueda, Farah Carrasco; Deichmann, Jessica; Kolowski, Joseph; Alonso, Alfonso",,,,METHODS IN ECOLOGY AND EVOLUTION,MAY 2014,2014,5,5,,,,443,451,,10.1111/2041-210X.12177,,,27,4.5
Predicting local extinctions of Amazonian vertebrates in forest islands created by a mega dam,"Benchimol, Maira; Peres, Carlos A.",,,,BIOLOGICAL CONSERVATION,JUL 2015,2015,187,,,,,61,72,,10.1016/j.biocon.2015.04.005,,,26,5.2
"Dispersal of Canarium euphyllum (Burseraceae), a large-seeded tree species, in a moist evergreen forest in Thailand","Kitamura, S; Suzuki, S; Yumoto, T; Poonswad, P; Chuailua, P; Plongmai, K; Maruhashi, T; Noma, N; Suckasam, C",,,,JOURNAL OF TROPICAL ECOLOGY,MAR 2006,2006,22,,2,,,137,146,,10.1017/S0266467405002889,,,24,1.71
TERRESTRIAL ACTIVITY PATTERNS OF WILD CATS FROM CAMERA-TRAPPING,"Lynam, Antony J.; Jenks, Kate E.; Tantipisanuh, Naruemon; Chutipong, Wanlop; Ngoprasert, Dusit; Gale, George A.; Steinmetz, Robert; Sukmasuang, Ronglarp; Bhumpakphan, Naris; Grassman, Lon I., Jr.; Cutter, Passanan; Kitamura, Shumpei; Reed, David H.; Baker, Megan C.; McShea, William; Songsasen, Nucharin; Leimgruber, Peter",,,,RAFFLES BULLETIN OF ZOOLOGY,FEB 28 2013,2013,61,1,,,,407,415,,,,,21,3
"HABITAT PREFERENCES AND ACTIVITY PATTERNS OF THE LARGER MAMMAL COMMUNITY IN PHNOM PRICH WILDLIFE SANCTUARY, CAMBODIA","Gray, Thomas N. E.; Phan, Channa",,,,RAFFLES BULLETIN OF ZOOLOGY,AUG 31 2011,2011,59,2,,,,311,318,,,,,20,2.22
"Cat coexistence in central Sumatra: ecological characteristics, spatial and temporal overlap, and implications for management","Sunarto, S.; Kelly, M. J.; Parakkasi, K.; Hutajulu, M. B.",,,,JOURNAL OF ZOOLOGY,JUN 2015,2015,296,2,,,,104,115,,10.1111/jzo.12218,,,19,3.8
,"Link, Andres; Galvis, Nelson; Fleming, Erin; Di Fiore, Anthony",,,,AMERICAN JOURNAL OF PRIMATOLOGY,APR 2011,2011,73,4,,,,386,396,,10.1002/ajp.20910,,,19,2.11
An evaluation of field techniques for monitoring terrestrial mammal populations in Amazonia,"Munari, Daniel Pereira; Keller, Claudia; Venticinque, Eduardo Martins",,,,MAMMALIAN BIOLOGY,2011,2011,76,4,,,,401,408,,10.1016/j.mambio.2011.02.007,,,19,2.11
"The diversity, status and conservation of small carnivores in a montane tropical forest in northern Laos","Johnson, Arlyne; Vongkhamheng, Chanthavy; Saithongdam, Thavisouk",,,,ORYX,OCT 2009,2009,43,4,,,,626,633,,10.1017/S0030605309990238,,,19,1.73
"Monitoring mammals in the Caxiuanu National Forest, Brazil - First results from the Tropical Ecology, Assessment and Monitoring (TEAM) program","de Souza Martins, Simone; Sanderson, James G.; de Sousa e Silva-Junior, Jose",,,,BIODIVERSITY AND CONSERVATION,APR 2007,2007,16,4,,,,857,870,,10.1007/s10531-006-9094-x,,,19,1.46
"Habitat use by carnivores at different spatial scales in a plantation forest landscape in Patagonia, Argentina","Victoria Lantschner, Maria; Rusch, Veronica; Hayes, John P.",,,,FOREST ECOLOGY AND MANAGEMENT,APR 1 2012,2012,269,,,,,271,278,,10.1016/j.foreco.2011.12.045,,,18,2.25
Opportunistic use of camera traps to assess habitat-specific mammal and bird diversity in northcentral Namibia,"Stein, Andrew B.; Fuller, Todd K.; Marker, Laurie L.",,,,BIODIVERSITY AND CONSERVATION,DEC 2008,2008,17,14,,,,3579,3587,,10.1007/s10531-008-9442-0,,,18,1.5
Mammal diversity and conservation in a secondary forest in Peninsular Malaysia,"Azad, MAJBA",,,,BIODIVERSITY AND CONSERVATION,MAR 2006,2006,15,3,,,,1013,1025,,10.1007/s10531-004-3953-0,,,18,1.29
"Monitoring wildlife abundance and diversity with infra-red camera traps in Guanyinshan Nature Reserve of Shaanxi Province, China","Liu, Xuehua; Wu, Pengfeng; Songer, Melissa; Cai, Qiong; He, Xiangbo; Zhu, Yun; Shao, Xiaoming",,,,ECOLOGICAL INDICATORS,OCT 2013,2013,33,,,,SI,121,128,,10.1016/j.ecolind.2012.09.022,,,17,2.43
Private forest reserves can aid in preserving the community of medium and large-sized vertebrates in the Amazon arc of deforestation,"Negroes, Nuno; Revilla, Eloy; Fonseca, Carlos; Soares, Amadeu M. V. M.; Jacomo, Anah T. A.; Silveira, Leandro",,,,BIODIVERSITY AND CONSERVATION,MAR 2011,2011,20,3,,,,505,518,,10.1007/s10531-010-9961-3,,,17,1.89
Spatial characteristics of residential development shift large carnivore prey habits,"Smith, Justine A.; Wang, Yiwei; Wilmers, Christopher C.",,,,JOURNAL OF WILDLIFE MANAGEMENT,AUG 2016,2016,80,6,,,,1040,1048,,10.1002/jwmg.21098,,,15,3.75
Camera trapping rare and threatened avifauna in west-central Sumatra,"Dinata, Yoan; Nugroho, Agung; Haidir, Iding Achmad; Linkie, Matthew",,,,BIRD CONSERVATION INTERNATIONAL,MAR 2008,2008,18,1,,,,30,37,,10.1017/S0959270908000051,,,15,1.25
"Nest predation risk on ground and shrub nests in forest margin areas of Sulawesi, Indonesia","Pangau-Adam, Margaretha Z.; Waltert, Matthias; Muehlenberg, Michael",,,,BIODIVERSITY AND CONSERVATION,DEC 2006,2006,15,13,,,,4143,4158,,10.1007/s10531-005-3370-z,,,15,1.07
"Diversity and occupancy of small carnivores within oil palm plantations in central Sumatra, Indonesia","Jennings, Andrew P.; Naim, Mohd; Advento, Andreas Dwi; Aryawan, Anak Agung Ketut; Ps, Sudharto; Caliman, Jean-Pierre; Verwilghen, Aude; Veron, Geraldine",,,,MAMMAL RESEARCH,APR 2015,2015,60,2,,,,181,188,,10.1007/s13364-015-0217-1,,,14,2.8
"A camera trap assessment of terrestrial vertebrates in Bwindi Impenetrable National Park, Uganda","Mugerwa, Badru; Sheil, Douglas; Ssekiranda, Peter; van Heist, Miriam; Ezuma, Pontious",,,,AFRICAN JOURNAL OF ECOLOGY,MAR 2013,2013,51,1,,,,21,31,,10.1111/aje.12004,,,14,2
Gauging the impact of management expertise on the distribution of large mammals across protected areas,"Li, Sheng; McShea, William J.; Wang, Dajun; Lu, Zhi; Gu, Xiaodong",,,,DIVERSITY AND DISTRIBUTIONS,DEC 2012,2012,18,12,,,,1166,1176,,10.1111/j.1472-4642.2012.00907.x,,,13,1.63
Diet of the crowned eagle (Stephanoaetus coronatus) in an urban landscape: potential for human-wildlife conflict?,"McPherson, Shane C.; Brown, Mark; Downs, Colleen T.",,,,URBAN ECOSYSTEMS,MAR 2016,2016,19,1,,,,383,396,,10.1007/s11252-015-0500-6,,,12,3
Community-wide mesocarnivore response to partial ungulate migration,"Henden, John-Andre; Stien, Audun; Bardsen, Bard-Jorgen; Yoccoz, Nigel G.; Ims, Rolf A.",,,,JOURNAL OF APPLIED ECOLOGY,DEC 2014,2014,51,6,,,,1525,1533,,10.1111/1365-2664.12328,,,12,2
Building capacity in biodiversity monitoring at the global scale,"Schmeller, Dirk S.; Bohm, Monika; Arvanitidis, Christos; Barber-Meyer, Shannon; Brummitt, Neil; Chandler, Mark; Chatzinikolaou, Eva; Costello, Mark J.; Ding, Hui; Garcia-Moreno, Jaime; Gill, Mike; Haase, Peter; Jones, Miranda; Juillard, Romain; Magnusson, William E.; Martin, Corinne S.; McGeoch, Melodie; Mihoub, Jean-Baptiste; Pettorelli, Nathalie; Proenca, Vania; Peng, Cui; Regan, Eugenie; Schmiedel, Ute; Simaika, John P.; Weatherdon, Lauren; Waterman, Carly; Xu, Haigen; Belnap, Jayne",,,,BIODIVERSITY AND CONSERVATION,NOV 2017,2017,26,12,,,,2765,2790,,10.1007/s10531-017-1388-7,,,11,3.67
Differential responses of scavenging arthropods and vertebrates to forest loss maintain ecosystem function in a heterogeneous landscape,"Sugiura, Shinji; Tanaka, Ryusei; Taki, Hisatomo; Kanzaki, Natsumi",,,,BIOLOGICAL CONSERVATION,MAR 2013,2013,159,,,,,206,213,,10.1016/j.biocon.2012.11.003,,,11,1.57
The spatial distribution of African savannah herbivores: species associations and habitat occupancy in a landscape context,"Anderson, T. Michael; White, Staci; Davis, Bryant; Erhardt, Rob; Palmer, Meredith; Swanson, Alexandra; Kosmala, Margaret; Packer, Craig",,,,PHILOSOPHICAL TRANSACTIONS OF THE ROYAL SOCIETY B-BIOLOGICAL SCIENCES,SEP 19 2016,2016,371,1703,,,,,,20150314,10.1098/rstb.2015.0314,,,10,2.5
Ecological Relationships of Meso-Scale Distribution in 25 Neotropical Vertebrate Species,"Michalski, Lincoln Jose; Norris, Darren; de Oliveira, Tadeu Gomes; Michalski, Fernanda",,,,PLOS ONE,MAY 4 2015,2015,10,5,,,,,,UNSP e0126114,10.1371/journal.pone.0126114,,,9,1.8
The road less travelled: assessing variation in mammal detection probabilities with camera traps in a semi-arid biodiversity hotspot,"Mann, Gareth K. H.; O'Riain, M. Justin; Parker, Daniel M.",,,,BIODIVERSITY AND CONSERVATION,MAR 2015,2015,24,3,,,,531,545,,10.1007/s10531-014-0834-z,,,9,1.8
Tracking Seed Fates of Tropical Tree Species: Evidence for Seed Caching in a Tropical Forest in North-East India,"Sidhu, Swati; Datta, Aparajita",,,,PLOS ONE,AUG 6 2015,2015,10,8,,,,,,e0134658,10.1371/journal.pone.0134658,,,6,1.2
"Royal Manas National Park, Bhutan: a hot spot for wild felids","Tempa, Tshering; Hebblewhite, Mark; Mills, L. Scott; Wangchuk, Tshewang R.; Norbu, Nawang; Wangchuk, Tenzin; Nidup, Tshering; Dendup, Pema; Wangchuk, Dorji; Wangdi, Yeshi; Dorji, Tshering",,,,ORYX,APR 2013,2013,47,2,,,,207,210,,10.1017/S0030605312001317,,,6,0.86
"Mammalian and avian diversity of the Rewa Head, Rupununi, Southern Guyana","Pickles, Robert Stuart Alexander; McCann, Niall Patrick; Holland, Ashley Peregrine",,,,BIOTA NEOTROPICA,JUL-SEP 2011,2011,11,3,,,,237,251,,10.1590/S1676-06032011000300021,,,6,0.67
Quantifying the bias in density estimated from distance sampling and camera trapping of unmarked individuals,"Chauvenet, Alienor L. M.; Gill, Robin M. A.; Smith, Graham C.; Ward, Alastair I.; Massei, Giovanna",,,,ECOLOGICAL MODELLING,APR 24 2017,2017,350,,,,,79,86,,10.1016/j.ecolmodel.2017.02.007,,,5,1.67
"Disturbance impacts on large rain-forest vertebrates differ with edge type and regional context in Sulawesi, Indonesia","Froese, Graden Z. L.; Contasti, Adrienne L.; Mustari, Abdul Haris; Brodie, Jedediah F.",,,,JOURNAL OF TROPICAL ECOLOGY,NOV 2015,2015,31,,6,,,509,517,,10.1017/S0266467415000450,,,5,1
"Conservation importance of Nakai-Nam Theun National Protected Area, Laos, for small carnivores based on camera trap data","Coudrat, C. N. Z.; Nanthavong, C.; Sayavong, S.; Johnson, A.; Johnston, J. B.; Robichaud, W. G.",,,,RAFFLES BULLETIN OF ZOOLOGY,2014,2014,62,,,,,31,49,,,,,5,0.83
The importance of microhabitat structure in maintaining forest mammal diversity in a mixed land-use mosaic,"Smith, Yvette C. Ehlers; Smith, David A. Ehlers; Ramesh, T.; Downs, Colleen T.",,,,BIODIVERSITY AND CONSERVATION,SEP 2017,2017,26,10,,,,2361,2382,,10.1007/s10531-017-1360-6,,,4,1.33
Can community-protected areas conserve biodiversity in human-modified tropical landscapes? The case of terrestrial mammals in southern Mexico.,"Muench, Carlos; Martinez-Ramos, Miguel",,,,TROPICAL CONSERVATION SCIENCE,MAR 2016,2016,9,1,,,,178,202,,10.1177/194008291600900110,,,4,1
"Post-dispersal seed removal by ground-feeding rodents in tropical peatlands, Central Kalimantan, Indonesia","Blackham, Grace V.; Corlett, Richard T.",,,,SCIENTIFIC REPORTS,SEP 15 2015,2015,5,,,,,,,14152,10.1038/srep14152,,,4,0.8
Sunbird pollination of the dioecious root parasite Cytinus sanguineus (Cytinaceae),"Hobbhahn, N.; Johnson, S. D.",,,,SOUTH AFRICAN JOURNAL OF BOTANY,JUL 2015,2015,99,,,,,138,143,,10.1016/j.sajb.2015.04.003,,,4,0.8
,"Kilshaw, Kerry; Johnson, Paul J.; Kitchener, Andrew C.; Macdonald, David W.",,,,ORYX,APR 2015,2015,49,2,,,,207,215,,10.1017/S0030605313001154,,,4,0.8
Use of camera-traps in natural trails and shelters for the mammalian survey in the Atlantic Forest,"Melo, Geruza L.; Sponchiado, Jonas; Caceres, Nilton C.",,,,IHERINGIA SERIE ZOOLOGIA,MAR 30 2012,2012,102,1,,,,88,94,,10.1590/S0073-47212012000100012,,,4,0.5
"Camera trapping in assessing diversity of mammals in Jabal Moussa Biosphere Reserve, Lebanon","Abi-Said, Mounir; Amr, Zuhair S.",,,,VERTEBRATE ZOOLOGY,2012,2012,62,1,,,,145,152,,,,,4,0.5
Evaluation of an underwater solid state memory video system with application to fish abundance and diversity studies in southeast Australia,"Lowry, Michael; Folpp, Heath; Gregson, Marcus",,,,FISHERIES RESEARCH,JUN 2011,2011,110,1,,,,10,17,,10.1016/j.fishres.2011.03.003,,,4,0.44
Assessing Variation in Wildlife Biodiversity in the Tien Shan Mountains of Kyrgyzstan Using Ancillary Camera-trap Photos,"McCarthy, Jennifer L.; McCarthy, Kyle P.; Fuller, Todd K.; McCarthy, Thomas M.",,,,MOUNTAIN RESEARCH AND DEVELOPMENT,AUG 2010,2010,30,3,,,,295,301,,10.1659/MRD-JOURNAL-D-09-00080.1,,,4,0.4
Carnivore distributions in Botswana are shaped by resource availability and intraguild species,"Rich, L. N.; Miller, D. A. W.; Robinson, H. S.; McNutt, J. W.; Kelly, M. J.",,,,JOURNAL OF ZOOLOGY,OCT 2017,2017,303,2,,,,90,98,,10.1111/jzo.12470,,,3,1
"How individual links affect network stability in a large-scale, heterogeneous metacommunity","Brodie, Jedediah F.; Mohd-Azlan, Jayasilan; Schnell, Jessica K.",,,,ECOLOGY,JUL 2016,2016,97,7,,,,1658,1667,,10.1890/15-1613.1,,,3,0.75
Effects of forest composition on trophic relationships among mast production and mammals in central hardwood forest,"Gillen, Carolyn A.; Hellgren, Eric C.",,,,JOURNAL OF MAMMALOGY,APR 2013,2013,94,2,,,,417,426,,10.1644/12-MAMM-A-138.1,,,3,0.43
,"Anile, S.; Bizzarri, L.; Ragni, B.",,,,ITALIAN JOURNAL OF ZOOLOGY,2010,2010,77,2,,,,241,246,,10.1080/11250000903419731,,,3,0.3
"Rapid assessment of nonvolant mammals in seven sites in the northern State of Para, Brazil: a forgotten part of the Guiana Region","Rossi, Rogerio Vieira; Miranda, Cleuton Lima; Fernandes Semedo, Thiago Borges",,,,MAMMALIA,SEP 2017,2017,81,5,,,,465,487,,10.1515/mammalia-2016-0037,,,2,0.67
Winners and losers among mammals and nocturnal birds over 17 years in response to large-scale eucalypt plantation establishment on farmland,"Law, Bradley S.; Chidel, Mark; Brassil, Traecey; Turner, Graham; Gonsalves, Leroy",,,,FOREST ECOLOGY AND MANAGEMENT,SEP 1 2017,2017,399,,,,,108,119,,10.1016/j.foreco.2017.05.022,,,2,0.67
,"Razafindratsima, Onja H.",,,,JOURNAL OF TROPICAL ECOLOGY,MAY 2017,2017,33,,3,,,232,236,,10.1017/S0266467417000104,,,2,0.67
Comparing survey methods to assess the conservation value of a community-managed protected area in western Tanzania,"Hausser, Yves; Tagand, Romain; Vimercati, Eric; Mermod, Sandy; Fischer, Claude",,,,AFRICAN JOURNAL OF ECOLOGY,MAR 2017,2017,55,1,,,,1,11,,10.1111/aje.12301,,,2,0.67
Assessing species traits and landscape relationships of the mammalian carnivore community in a neotropical biological corridor,"Vargas, Lain E. Pardo; Cove, Michael V.; Manuel Spinola, R.; Camilo de la Cruz, Juan; Saenz, Joel C.",,,,BIODIVERSITY AND CONSERVATION,APR 2016,2016,25,4,,,,739,752,,10.1007/s10531-016-1089-7,,,2,0.5
Medium- and large-sized mammals in a steppic savanna area of the Brazilian Pampa: survey and conservation issues of a poorly known fauna,"Espinosa, C. C.; Galiano, D.; Kubiak, B. B.; Marinho, J. R.",,,,BRAZILIAN JOURNAL OF BIOLOGY,FEB 2016,2016,76,1,,,,73,79,,10.1590/1519-6984.12714,,,2,0.5
"Natural licks are required for large terrestrial mammals in a degraded riparian forest, Sabah, Borneo, Malaysia","Matsuda, Ikki; Ancrenaz, Marc; Akiyama, Yoshihiro; Tuuga, Augustine; Majalap, Noreen; Bernard, Henry",,,,ECOLOGICAL RESEARCH,JAN 2015,2015,30,1,,,,191,195,,10.1007/s11284-014-1219-1,,,2,0.4
Evaluating relative abundance indices for terrestrial herbivores from large-scale camera trap surveys,"Palmer, Meredith; Swanson, Alexandra; Kosmala, Margaret; Arnold, Todd; Packer, Craig",,,,AFRICAN JOURNAL OF ECOLOGY,DEC 2018,2018,56,4,,,SI,791,803,,10.1111/aje.12566,,,1,0.5
,"Rodrigues, Thiago Ferreira; Kays, Roland; Parsons, Arielle; Versiani, Natalia Fraguas; Paolino, Roberta Montanheiro; Pasqualotto, Nielson; Krepschi, Victor Gasperotto; Chiarello, Adriano Garcia",,,,JOURNAL OF MAMMALOGY,OCT 3 2017,2017,98,5,,,,1301,1309,,10.1093/jmammal/gyx099,,,1,0.33
Citizen scientists help unravel the nature of cattle impacts on native mammals and birds visiting fruiting trees in Brazil's southern Pantanal,"Eaton, Donald P.; Keuroghlian, Alexine; Santos, Maria do Carmo A.; Desbiez, Arnaud L. J.; Sada, Donald W.",,,,BIOLOGICAL CONSERVATION,APR 2017,2017,208,,,,SI,29,39,,10.1016/j.biocon.2016.09.010,,,1,0.33
"Does variation between dry and wet seasons affect tropical forest mammals' occupancy and detectability by camera traps? Case study from the Udzungwa Mountains, Tanzania","Martin, Emanuel H.; Ndibalema, Vedasto G.; Rovero, Francesco",,,,AFRICAN JOURNAL OF ECOLOGY,MAR 2017,2017,55,1,,,,37,46,,10.1111/aje.12312,,,1,0.33
Biogeography and conservation of non-volant mammals from the Urucum Mountains: a Chiquitano dry forest ecoregion in western Brazil,"Hannibal, Wellington; Godoi, Mauricio Neves; Tomas, Walfrido Moraes; Porfirio, Grasiela; Ferreira, Vanda Lucia; Caceres, Nilton",,,,MAMMALIA,MAR 2017,2017,81,2,,,,169,180,,10.1515/mammalia-2015-0052,,,1,0.33
"Examining the occurrence of mammal species in natural areas within a rapidly urbanizing region of Texas, USA","Haverland, Matthew B.; Veech, Joseph A.",,,,LANDSCAPE AND URBAN PLANNING,JAN 2017,2017,157,,,,,221,230,,10.1016/j.landurbplan.2016.06.001,,,1,0.33
"Diversity and Activity Pattern of Wildlife Inhabiting Catchment of Hulu Terengganu Hydroelectric Dam, Terengganu, Peninsular Malaysia","Adyla, M. N. Nurul; Ikhwan, Z.; Zuhairi, M. Ngah; Shukor, M. N.",,,"Ibrahim, K; Badri, KH; Jumali, MHH; Noorani, MSM; Ibrahim, N; Rasol, NHA; Yaacob, WZW",2016 UKM FST POSTGRADUATE COLLOQUIUM,2016,2016,1784,,,,,,,60038,10.1063/1.4966876,UKM FST Postgraduate Colloquium,"APR 13-14, 2016",1,0.25
"Replacement of native by non-native animal communities assisted by human introduction and management on Isla Victoria, Nahuel Huapi National Park","Martin-Albarracin, Valeria L.; Nunez, Martin A.; Amico, Guillermo C.",,,,PeerJ,OCT 20 2015,2015,3,,,,,,,e1328,10.7717/peerj.1328,,,1,0.2
Free food for everyone: artificial feeding of brown bears provides food for many non-target species,"Flezar, Ursa; Costa, Beatriz; Bordjan, Dejan; Jerina, Klemen; Krofel, Miha",,,,EUROPEAN JOURNAL OF WILDLIFE RESEARCH,FEB 2019,2019,65,1,,,,,,1,10.1007/s10344-018-1237-3,,,0,0
The role of Lantana camara in areas of bell miner (Manorina melanophrys) associated dieback and its implications for terrestrial mammal and insectivorous bat populations,"Wright, Penny E.; Lambert, Kathryn T. A.; McDonald, Paul G.",,,,AUSTRALIAN MAMMALOGY,2019,2019,41,1,,,,49,56,,10.1071/AM17003,,,0,0
Diversity and distribution patterns of medium to large mammals in a silvicultural landscape in south-eastern Brazil,"Campos, Bruna Manuele; Charters, Jacob Daniel; Verdade, Luciano Martins",,,,IFOREST-BIOGEOSCIENCES AND FORESTRY,DEC 2018,2018,11,,,,,802,808,,10.3832/ifor2721-011,,,0,0
Using Camera Traps to Assess Mammal and Bird Assemblages in a Midwestern Forest,"Cloyed, Carl S.; Cappelli, Laura R.; Tilson, David A.; Crawford, John A.; Dell, Anthony, I",,,,JOURNAL OF FISH AND WILDLIFE MANAGEMENT,DEC 2018,2018,9,2,,,,485,495,,10.3996/122017-JFWM-103,,,0,0
Distributional shifts in a biodiversity hotspot,"Beaudrot, Lydia; Acevedo, Miguel; Lessard, Jean-Philippe; Sheil, Douglas; Larney, Eileen; Wright, Patricia; Ahumada, Jorge",,,,BIOLOGICAL CONSERVATION,DEC 2018,2018,228,,,,,252,258,,10.1016/j.biocon.2018.10.016,,,0,0
Conservation implications for jaguars and other neotropical mammals using highway underpasses,"Gonzalez-Gallina, Alberto; Hidalgo-Mihart, Mircea G.; Castelazo-Calva, Victor",,,,PLOS ONE,NOV 6 2018,2018,13,11,,,,,,e0206614,10.1371/journal.pone.0206614,,,0,0
Deep-sea mobile megafauna of Mediterranean submarine canyons and open slopes: Analysis of spatial and bathymetric gradients,"Fanelli, Emanuela; Bianchelli, Silvia; Danovaro, Roberto",,,,PROGRESS IN OCEANOGRAPHY,NOV 2018,2018,168,,,,,23,34,,10.1016/j.pocean.2018.09.010,,,0,0
"Effects of logging on wildlife communities in certified tropical rainforests in East Kalimantan, Indonesia","Jati, Agus Sudibyo; Samejima, Hiromitsu; Fujiki, Shogoro; Kurniawan, Yuyun; Aoyagi, Ryota; Kitayama, Kanehiro",,,,FOREST ECOLOGY AND MANAGEMENT,NOV 1 2018,2018,427,,,,,124,134,,10.1016/j.foreco.2018.05.054,,,0,0
Unveiling a wildlife haven: occupancy and activity patterns of mammals at a Tibetan sacred mountain,"Li, Xueyou; Bleisch, William V.; Jiang, Xuelong",,,,EUROPEAN JOURNAL OF WILDLIFE RESEARCH,OCT 2018,2018,64,5,,,,,,53,10.1007/s10344-018-1213-y,,,0,0
Gap analysis and implications for seasonal management on a local scale,"Yang, Li; Zhang, Baofeng; Wang, Xinrui; Ren, Yueheng; Chen, Jinlin; Zhang, Chao; Xia, Yongpeng; Li, Yuankun; Sun, Jianguo; Guo, Jiangang; Wang, Weijia; Luan, XiaoFeng",,,,PEERJ,SEP 20 2018,2018,6,,,,,,,e5622,10.7717/peerj.5622,,,0,0
Joint Temporal Point Pattern Models for Proximate Species Occurrence in a Fixed Area Using Camera Trap Data,"Schliep, Erin M.; Gelfand, Alan E.; Clark, James S.; Kays, Roland",,,,JOURNAL OF AGRICULTURAL BIOLOGICAL AND ENVIRONMENTAL STATISTICS,SEP 2018,2018,23,3,,,,334,357,,10.1007/s13253-018-0327-8,,,0,0
"Tapping into technology and the biodiversity informatics revolution: updated terrestrial mammal list of Angola, with new records from the Okavango Basin","Taylor, Peter J.; Neef, Gotz; Keith, Mark; Weier, Sina; Monadjem, Ara; Parker, Daniel M.",,,,ZOOKEYS,AUG 2 2018,2018,,779,,,,51,88,,10.3897/zookeys.779.25964,,,0,0
Distance and size matters: A comparison of six wildlife camera traps and their usefulness for wild birds,"Randler, Christoph; Kalb, Nadine",,,,ECOLOGY AND EVOLUTION,JUL 2018,2018,8,14,,,,7151,7163,,10.1002/ece3.4240,,,0,0
Using terrestrial haematophagous leeches to enhance tropical biodiversity monitoring programmes in Bangladesh,"Weiskopf, Sarah R.; McCarthy, Kyle P.; Tessler, Michael; Rahman, Hasan A.; McCarthy, Jennifer L.; Hersch, Rebecca; Faisal, Mohammad Muzaffar; Siddall, Mark E.",,,,JOURNAL OF APPLIED ECOLOGY,JUL 2018,2018,55,4,,,,2071,2081,,10.1111/1365-2664.13111,,,0,0
"Spatial patterns of medium and large size mammal assemblages in varzea and terra firme forests, Central Amazonia, Brazil","Alvarenga, Guilherme Costa; Ramalho, Emiliano Esterci; Baccaro, Fabricio Beggiato; da Rocha, Daniel Gomes; Ferreira-Ferreira, Jefferson; Dineli Bobrowiec, Paulo Estefano",,,,PLOS ONE,MAY 30 2018,2018,13,5,,,,,,e0198120,10.1371/journal.pone.0198120,,,0,0
Bottom-up and top-down triggers of diversification: A new look at the evolutionary ecology of scavenging amphipods in the deep sea,"Havermans, Charlotte; Smetacek, Victor",,,,PROGRESS IN OCEANOGRAPHY,MAY-JUN 2018,2018,164,,,,,37,51,,10.1016/j.pocean.2018.04.008,,,0,0
"Estimating mammalian diversity and relative abundance using camera traps in a tropical deciduous forest of kuldiha Wildlife Sanctuary, eastern India","Debata, Subrat; Swain, Kedar Kumar",,,,MAMMAL STUDY,MAR 2018,2018,43,1,,,,45,53,,10.3106/ms2017-0078,,,0,0
"Camera trapping of terrestrial animals in Tanjung Datu National Park, Sarawak, Borneo","Mohd-Azlan, Jayasilan; Nurul-Asna, Hidayah; Jailan, Thaqifah Syaza; Tuen, Andrew Alek; Engkamat, Lading; Abdillah, Dayang Nuriza; Zainudin, Ramlah; Brodie, Jedediah F.",,,,RAFFLES BULLETIN OF ZOOLOGY,2018,2018,66,,,,,587,594,,,,,0,0
"PRELIMINARY OBSERVATIONS ON THE CRYPTIC FAUNA OF SIKKIM TRANS-HIMALAYA, INDIA","Bashir, Tawqir; Bhattacharya, Tapajit; Poudyal, Kamal; Sathyakumar, Sambandam",,,,INTERNATIONAL JOURNAL OF CONSERVATION SCIENCE,JAN-MAR 2018,2018,9,1,,,,179,184,,,,,0,0
,"Wong, Seth Timothy; Belant, Jerrold L.; Sollmann, Rahel; Mohamed, Azlan; Niedballa, Jurgen; Mathai, John; Meijaard, Erik; Street, Garrett M.; Kissing, Johnny; Mannan, Sam; Wilting, Andreas",,,,MAMMALIAN BIOLOGY,JAN 2018,2018,88,,,,,75,80,,10.1016/j.mambio.2017.11.010,,,0,0
"Diversity and Temporal Relationships between Mammals at Feeding Stations in Western Rhodope Mountains, Bulgaria","Popov, Elitsa D.; Zlatanova, Diana P.; Todev, Vasil",,,,ACTA ZOOLOGICA BULGARICA,DEC 2017,2017,69,4,,,,529,540,,,,,0,0
Mediterranean mesocarnivores in spatially structured managed landscapes: community organisation in time and space,"Curveira-Santos, Goncalo; Marques, Tiago A.; Bjorklund, Mats; Santos-Reis, Margarida",,,,AGRICULTURE ECOSYSTEMS & ENVIRONMENT,JAN 16 2017,2017,237,,,,,280,289,,10.1016/j.agee.2016.12.037,,,0,0
"Spatiotemporal distribution of large- and medium-sized mammals and humans in the Lar Protected Area, Iran","Parchizadeh, Jamshid",,,,WILDLIFE RESEARCH,2017,2017,44,5,,,,400,406,,10.1071/WR16199,,,0,0
"Carnivores' diversity and conflicts with humans in Musk Deer National Park, Azad Jammu and Kashmir, Pakistan","Ahmad, Shakeel; Hameed, Shoaib; Ali, Hussain; Khan, Tauheed Ullah; Mehmood, Tahir; Nawaz, Muhammad Ali",,,,EUROPEAN JOURNAL OF WILDLIFE RESEARCH,OCT 2016,2016,62,5,,,,565,576,,10.1007/s10344-016-1029-6,,,0,0
Assessments of occurrence and distribution of mammals in forests of the Garden Route National Park based on camera trapping,"Hanekom, Nicholas; Randall, Rodney M.",,,,KOEDOE,OCT 30 2015,2015,57,1,,,,,,1257,10.4102/koedoe.v57i1.1257,,,0,0
Habitat preferences of medium/large mammals in human disturbed forests in Central Japan,"Tsujino, Riyou; Yumoto, Takakazu",,,,ECOLOGICAL RESEARCH,JUL 2014,2014,29,4,,,,701,710,,10.1007/s11284-014-1159-9,,,0,0
